MBA Programs,MBA Application Deadlines,,,,Final Decisions,,,
US Schools:,Round 1,Round 2,Round 3,Round 4,Round 1,Round 2,Round 3,Round 4
Harvard Business School,"Sep 3, 2025","Jan 5, 2026",,,"Dec 10, 2025","Mar 25, 2026",,
Stanford GSB,"Sep 9, 2025","Jan 7, 2026","Apr 7, 2026",,"Dec 10, 2025","Apr 2, 2026","May 28, 2026",
UPenn Wharton,"Sep 3, 2025","Jan 6, 2026","Apr 1, 2026",,"Dec 10, 2025","Mar 31, 2026","May 12, 2026",
Columbia Business School,"Sep 3, 2025","Jan 6, 2026","Mar 26, 2026",,"Dec 15, 2025","Mar 31, 2026","May 20, 2026",
Northwestern Kellogg,"Sep 10, 2025","Jan 7, 2026","Apr 1, 2026",,"Dec 10, 2025","Mar 25, 2026","May 13, 2026",
University of Chicago Booth,"Sep 16, 2025","Jan 6, 2026","Apr 2, 2026",,"Dec 4, 2025","Mar 26, 2026","May 21, 2026",
MIT Sloan,"Sep 29, 2025","Jan 13, 2026","Apr 6, 2026",,"Dec 11, 2025","Apr 2, 2026","May 15, 2026",
Berkeley Haas,"Sep 11, 2025","Jan 8, 2026","Mar 31, 2026",,"Dec 11, 2025","Mar 26, 2026","May 7, 2026",
Yale School of Management (SOM),"Sep 10, 2025","Jan 6, 2026","Apr 14, 2026",,"Dec 4, 2025","Mar 19, 2026","May 14, 2026",
Dartmouth Tuck,"Sep 25, 2025","Jan 5, 2026","Mar 25, 2026",,"Dec 11, 2025","Mar 19, 2026","Apr 30, 2026",
UVA Darden *,"Oct 1, 2025","Jan 7, 2026","Apr 1, 2026",,"Dec 10, 2025","Mar 18, 2026","May 6, 2026",
NYU Stern,"Sep 15, 2025","Oct 15, 2025","Jan 15, 2026","Apr 15, 2026","Dec 1, 2025","Jan 1, 2026","Apr 1, 2026",Ongoing
Duke Fuqua **,"Sep 30, 2025","Jan 8, 2026","Feb 24, 2026","Apr 1, 2026","Dec 11, 2025","Mar 13, 2026","Apr 10, 2026","May 8, 2026"
Michigan Ross,"Sep 8, 2025","Jan 5, 2026","Mar 23, 2026",,"Dec 5, 2025","Mar 13, 2026","May 1, 2026",
Cornell Johnson,"Sep 17, 2025","Jan 8, 2026","Apr 7, 2026",,"Dec 5, 2025","Mar 27, 2026","May 22, 2026",
UCLA Anderson,"Oct 1, 2025","Jan 6, 2026","Apr 7, 2026",,"Dec 12, 2025","Mar 27, 2026","May 15, 2026",
Carnegie Mellon Tepper,"Sep 30, 2025","Jan 8, 2026","Mar 3, 2026","May 5, 2026","Dec 3, 2025","Mar 3, 2026","Apr 29, 2026","Jun 3, 2026"
UT Austin McCombs,"Oct 15, 2025","Jan 15, 2026","Apr 1, 2026",,"Dec 16, 2026","Mar 26, 2026","May 7, 2026",
International Schools:,,,,,,,,
INSEAD (Jan intake),"Mar 11, 2025","Apr 22, 2025","Jun 17, 2025","Aug 26, 2025","May 16, 2025","Jul 4, 2025","Aug 22, 2025","Oct 24, 2025"
INSEAD (Sep intake),"Sep 16, 2025","Nov 4, 2025","Jan 20, 2026","Mar 10, 2026","Nov 21, 2026","Jan 16, 2026","Mar 20, 2026","May 8, 2026"
London Business School,"Sep 5, 2025","Jan 5, 2026","Mar 23, 2026",,"Nov 27, 2025","Apr 1, 2026","Jun 4, 2026",
Cambridge Judge ***,"Aug 26, 2025","Oct 6, 2025","Jan 5, 2026","Mar 30, 2026",,,,
Oxford Saïd***,"Sep 1, 2025","Oct 1, 2025","Nov 3, 2025","Jan 7, 2026","Oct 17, 2025","Nov 14, 2025","Dec 12, 2025","Mar 6, 2026"
IMD ****,"Jan 15, 2025","Mar 15, 2025","May 15, 2025","Jul 15, 2025","March 1, 2025","May 1, 2025","Jul 1, 2025","Sep 1, 2025"
IESE,"Sep 25, 2025","Jan 9, 2026","Mar 12, 2026","May 8, 2026","Nov 24, 2025","Mar 16, 2026","Apr 30, 2026","Jun 12, 2026"
HEC Paris (Jan intake),Deadlines approx every 4 weeks from January until November,,,,Approx 4 weeks after application,,,
HEC Paris (Sep intake),Deadlines approx every 4 weeks,,,,Approx 4 weeks after application,,,
IE,No deadlines - rolling admissions,,,,,,,
Rotman,"Sep 10, 2025","Nov 19, 2025","Mar 4, 2026","May 13, 2026",,,,